insert into PROP (ID,NAME,DESCRIPTION,VALIDATION,TYPE,MAINT_SCREEN,CACHE_IN_SESSION_FLAG,CACHE_EXPIRE_TIME,CREATE_USER,CREATE_DATE,UPDATE_USER,UPDATE_DATE,VERSION) values (14015,'charging.standard.chargeableUnit','Chargeable unit (in days) for Standard Charging','112','dd','S',1,60,'pmsadmin',sysdate,'pmsadmin',sysdate,1);
insert into PROP (ID,NAME,DESCRIPTION,VALIDATION,TYPE,MAINT_SCREEN,CACHE_IN_SESSION_FLAG,CACHE_EXPIRE_TIME,CREATE_USER,CREATE_DATE,UPDATE_USER,UPDATE_DATE,VERSION) values (14027,'charging.standard.refill.partialPayment.enabled','Enable partial payment for refill orders in Standard Charging','Y,N','B','S',1,60,'pmsadmin',sysdate,'pmsadmin',sysdate,1);
insert into PROP (ID,NAME,DESCRIPTION,VALIDATION,TYPE,MAINT_SCREEN,CACHE_IN_SESSION_FLAG,CACHE_EXPIRE_TIME,CREATE_USER,CREATE_DATE,UPDATE_USER,UPDATE_DATE,VERSION) values (32025,'vetting.regimen.prn.duration','PRN duration (in days)','1-999','dd','O',1,60,'pmsadmin',sysdate,'pmsadmin',sysdate,1);
insert into PROP (ID,NAME,DESCRIPTION,VALIDATION,TYPE,MAINT_SCREEN,CACHE_IN_SESSION_FLAG,CACHE_EXPIRE_TIME,CREATE_USER,CREATE_DATE,UPDATE_USER,UPDATE_DATE,VERSION) values (32026,'vetting.regimen.prn.percent','PRN percentage','25,50,100','I','O',1,60,'pmsadmin',sysdate,'pmsadmin',sysdate,1);

insert into HOSPITAL_PROP (ID,SORT_SEQ,VALUE,HOSP_CODE,PROP_ID,CREATE_USER,CREATE_DATE,UPDATE_USER,UPDATE_DATE,VERSION) values (1000040,14015,'112','VH',14015,'pmsadmin',sysdate,'pmsadmin',sysdate,1);
insert into HOSPITAL_PROP (ID,SORT_SEQ,VALUE,HOSP_CODE,PROP_ID,CREATE_USER,CREATE_DATE,UPDATE_USER,UPDATE_DATE,VERSION) values (1000041,14015,'112','QES',14015,'pmsadmin',sysdate,'pmsadmin',sysdate,1);
insert into HOSPITAL_PROP (ID,SORT_SEQ,VALUE,HOSP_CODE,PROP_ID,CREATE_USER,CREATE_DATE,UPDATE_USER,UPDATE_DATE,VERSION) values (1000042,14015,'112','QMH',14015,'pmsadmin',sysdate,'pmsadmin',sysdate,1);
insert into HOSPITAL_PROP (ID,SORT_SEQ,VALUE,HOSP_CODE,PROP_ID,CREATE_USER,CREATE_DATE,UPDATE_USER,UPDATE_DATE,VERSION) values (1000043,14015,'112','TMH',14015,'pmsadmin',sysdate,'pmsadmin',sysdate,1);
insert into HOSPITAL_PROP (ID,SORT_SEQ,VALUE,HOSP_CODE,PROP_ID,CREATE_USER,CREATE_DATE,UPDATE_USER,UPDATE_DATE,VERSION) values (1000044,14015,'112','LKK',14015,'pmsadmin',sysdate,'pmsadmin',sysdate,1);
insert into HOSPITAL_PROP (ID,SORT_SEQ,VALUE,HOSP_CODE,PROP_ID,CREATE_USER,CREATE_DATE,UPDATE_USER,UPDATE_DATE,VERSION) values (1000045,14015,'112','QEH',14015,'pmsadmin',sysdate,'pmsadmin',sysdate,1);
insert into HOSPITAL_PROP (ID,SORT_SEQ,VALUE,HOSP_CODE,PROP_ID,CREATE_USER,CREATE_DATE,UPDATE_USER,UPDATE_DATE,VERSION) values (1000046,14015,'112','UCH',14015,'pmsadmin',sysdate,'pmsadmin',sysdate,1);
insert into HOSPITAL_PROP (ID,SORT_SEQ,VALUE,HOSP_CODE,PROP_ID,CREATE_USER,CREATE_DATE,UPDATE_USER,UPDATE_DATE,VERSION) values (1000047,14015,'112','ALC',14015,'pmsadmin',sysdate,'pmsadmin',sysdate,1);

insert into HOSPITAL_PROP (ID,SORT_SEQ,VALUE,HOSP_CODE,PROP_ID,CREATE_USER,CREATE_DATE,UPDATE_USER,UPDATE_DATE,VERSION) values (1000048,14027,'N','VH', 14027,'pmsadmin',sysdate,'pmsadmin',sysdate,1);
insert into HOSPITAL_PROP (ID,SORT_SEQ,VALUE,HOSP_CODE,PROP_ID,CREATE_USER,CREATE_DATE,UPDATE_USER,UPDATE_DATE,VERSION) values (1000049,14027,'N','QES',14027,'pmsadmin',sysdate,'pmsadmin',sysdate,1);
insert into HOSPITAL_PROP (ID,SORT_SEQ,VALUE,HOSP_CODE,PROP_ID,CREATE_USER,CREATE_DATE,UPDATE_USER,UPDATE_DATE,VERSION) values (1000050,14027,'N','QMH',14027,'pmsadmin',sysdate,'pmsadmin',sysdate,1);
insert into HOSPITAL_PROP (ID,SORT_SEQ,VALUE,HOSP_CODE,PROP_ID,CREATE_USER,CREATE_DATE,UPDATE_USER,UPDATE_DATE,VERSION) values (1000051,14027,'N','TMH',14027,'pmsadmin',sysdate,'pmsadmin',sysdate,1);
insert into HOSPITAL_PROP (ID,SORT_SEQ,VALUE,HOSP_CODE,PROP_ID,CREATE_USER,CREATE_DATE,UPDATE_USER,UPDATE_DATE,VERSION) values (1000052,14027,'N','LKK',14027,'pmsadmin',sysdate,'pmsadmin',sysdate,1);
insert into HOSPITAL_PROP (ID,SORT_SEQ,VALUE,HOSP_CODE,PROP_ID,CREATE_USER,CREATE_DATE,UPDATE_USER,UPDATE_DATE,VERSION) values (1000053,14027,'N','QEH',14027,'pmsadmin',sysdate,'pmsadmin',sysdate,1);
insert into HOSPITAL_PROP (ID,SORT_SEQ,VALUE,HOSP_CODE,PROP_ID,CREATE_USER,CREATE_DATE,UPDATE_USER,UPDATE_DATE,VERSION) values (1000054,14027,'N','UCH',14027,'pmsadmin',sysdate,'pmsadmin',sysdate,1);
insert into HOSPITAL_PROP (ID,SORT_SEQ,VALUE,HOSP_CODE,PROP_ID,CREATE_USER,CREATE_DATE,UPDATE_USER,UPDATE_DATE,VERSION) values (1000055,14027,'N','ALC',14027,'pmsadmin',sysdate,'pmsadmin',sysdate,1);

insert into WORKSTORE_PROP (ID,PROP_ID,VALUE,SORT_SEQ,HOSP_CODE,WORKSTORE_CODE,CREATE_USER,CREATE_DATE,UPDATE_USER,UPDATE_DATE,VERSION) values (1000088,32025,'28',7,'LKK','WKS','pmsadmin',sysdate,'pmsadmin',sysdate,1);
insert into WORKSTORE_PROP (ID,PROP_ID,VALUE,SORT_SEQ,HOSP_CODE,WORKSTORE_CODE,CREATE_USER,CREATE_DATE,UPDATE_USER,UPDATE_DATE,VERSION) values (1000089,32025,'28',7,'UCH','WKSA','pmsadmin',sysdate,'pmsadmin',sysdate,1);
insert into WORKSTORE_PROP (ID,PROP_ID,VALUE,SORT_SEQ,HOSP_CODE,WORKSTORE_CODE,CREATE_USER,CREATE_DATE,UPDATE_USER,UPDATE_DATE,VERSION) values (1000090,32025,'28',7,'QEH','WKSE','pmsadmin',sysdate,'pmsadmin',sysdate,1);
insert into WORKSTORE_PROP (ID,PROP_ID,VALUE,SORT_SEQ,HOSP_CODE,WORKSTORE_CODE,CREATE_USER,CREATE_DATE,UPDATE_USER,UPDATE_DATE,VERSION) values (1000091,32025,'28',7,'QES','WKS','pmsadmin',sysdate,'pmsadmin',sysdate,1);
insert into WORKSTORE_PROP (ID,PROP_ID,VALUE,SORT_SEQ,HOSP_CODE,WORKSTORE_CODE,CREATE_USER,CREATE_DATE,UPDATE_USER,UPDATE_DATE,VERSION) values (1000092,32025,'28',7,'TMH','WKS','pmsadmin',sysdate,'pmsadmin',sysdate,1);
insert into WORKSTORE_PROP (ID,PROP_ID,VALUE,SORT_SEQ,HOSP_CODE,WORKSTORE_CODE,CREATE_USER,CREATE_DATE,UPDATE_USER,UPDATE_DATE,VERSION) values (1000093,32025,'28',7,'VH','WKS2','pmsadmin',sysdate,'pmsadmin',sysdate,1);
insert into WORKSTORE_PROP (ID,PROP_ID,VALUE,SORT_SEQ,HOSP_CODE,WORKSTORE_CODE,CREATE_USER,CREATE_DATE,UPDATE_USER,UPDATE_DATE,VERSION) values (1000094,32025,'28',7,'ALC','WKS','pmsadmin',sysdate,'pmsadmin',sysdate,1);
insert into WORKSTORE_PROP (ID,PROP_ID,VALUE,SORT_SEQ,HOSP_CODE,WORKSTORE_CODE,CREATE_USER,CREATE_DATE,UPDATE_USER,UPDATE_DATE,VERSION) values (1000095,32025,'28',7,'VH','WKS1','pmsadmin',sysdate,'pmsadmin',sysdate,1);
insert into WORKSTORE_PROP (ID,PROP_ID,VALUE,SORT_SEQ,HOSP_CODE,WORKSTORE_CODE,CREATE_USER,CREATE_DATE,UPDATE_USER,UPDATE_DATE,VERSION) values (1000096,32025,'28',7,'QMH','WKS','pmsadmin',sysdate,'pmsadmin',sysdate,1);
insert into WORKSTORE_PROP (ID,PROP_ID,VALUE,SORT_SEQ,HOSP_CODE,WORKSTORE_CODE,CREATE_USER,CREATE_DATE,UPDATE_USER,UPDATE_DATE,VERSION) values (1000097,32025,'28',7,'UCH','WKS1','pmsadmin',sysdate,'pmsadmin',sysdate,1);
insert into WORKSTORE_PROP (ID,PROP_ID,VALUE,SORT_SEQ,HOSP_CODE,WORKSTORE_CODE,CREATE_USER,CREATE_DATE,UPDATE_USER,UPDATE_DATE,VERSION) values (1000098,32025,'28',7,'QMH','WKS1','pmsadmin',sysdate,'pmsadmin',sysdate,1);

insert into WORKSTORE_PROP (ID,PROP_ID,VALUE,SORT_SEQ,HOSP_CODE,WORKSTORE_CODE,CREATE_USER,CREATE_DATE,UPDATE_USER,UPDATE_DATE,VERSION) values (1000099,32026,'25',8,'LKK','WKS','pmsadmin',sysdate,'pmsadmin',sysdate,1);
insert into WORKSTORE_PROP (ID,PROP_ID,VALUE,SORT_SEQ,HOSP_CODE,WORKSTORE_CODE,CREATE_USER,CREATE_DATE,UPDATE_USER,UPDATE_DATE,VERSION) values (1000100,32026,'25',8,'UCH','WKSA','pmsadmin',sysdate,'pmsadmin',sysdate,1);
insert into WORKSTORE_PROP (ID,PROP_ID,VALUE,SORT_SEQ,HOSP_CODE,WORKSTORE_CODE,CREATE_USER,CREATE_DATE,UPDATE_USER,UPDATE_DATE,VERSION) values (1000101,32026,'25',8,'QEH','WKSE','pmsadmin',sysdate,'pmsadmin',sysdate,1);
insert into WORKSTORE_PROP (ID,PROP_ID,VALUE,SORT_SEQ,HOSP_CODE,WORKSTORE_CODE,CREATE_USER,CREATE_DATE,UPDATE_USER,UPDATE_DATE,VERSION) values (1000102,32026,'25',8,'QES','WKS','pmsadmin',sysdate,'pmsadmin',sysdate,1);
insert into WORKSTORE_PROP (ID,PROP_ID,VALUE,SORT_SEQ,HOSP_CODE,WORKSTORE_CODE,CREATE_USER,CREATE_DATE,UPDATE_USER,UPDATE_DATE,VERSION) values (1000103,32026,'25',8,'TMH','WKS','pmsadmin',sysdate,'pmsadmin',sysdate,1);
insert into WORKSTORE_PROP (ID,PROP_ID,VALUE,SORT_SEQ,HOSP_CODE,WORKSTORE_CODE,CREATE_USER,CREATE_DATE,UPDATE_USER,UPDATE_DATE,VERSION) values (1000104,32026,'25',8,'VH','WKS2','pmsadmin',sysdate,'pmsadmin',sysdate,1);
insert into WORKSTORE_PROP (ID,PROP_ID,VALUE,SORT_SEQ,HOSP_CODE,WORKSTORE_CODE,CREATE_USER,CREATE_DATE,UPDATE_USER,UPDATE_DATE,VERSION) values (1000105,32026,'25',8,'ALC','WKS','pmsadmin',sysdate,'pmsadmin',sysdate,1);
insert into WORKSTORE_PROP (ID,PROP_ID,VALUE,SORT_SEQ,HOSP_CODE,WORKSTORE_CODE,CREATE_USER,CREATE_DATE,UPDATE_USER,UPDATE_DATE,VERSION) values (1000106,32026,'25',8,'VH','WKS1','pmsadmin',sysdate,'pmsadmin',sysdate,1);
insert into WORKSTORE_PROP (ID,PROP_ID,VALUE,SORT_SEQ,HOSP_CODE,WORKSTORE_CODE,CREATE_USER,CREATE_DATE,UPDATE_USER,UPDATE_DATE,VERSION) values (1000107,32026,'25',8,'QMH','WKS','pmsadmin',sysdate,'pmsadmin',sysdate,1);
insert into WORKSTORE_PROP (ID,PROP_ID,VALUE,SORT_SEQ,HOSP_CODE,WORKSTORE_CODE,CREATE_USER,CREATE_DATE,UPDATE_USER,UPDATE_DATE,VERSION) values (1000108,32026,'25',8,'UCH','WKS1','pmsadmin',sysdate,'pmsadmin',sysdate,1);
insert into WORKSTORE_PROP (ID,PROP_ID,VALUE,SORT_SEQ,HOSP_CODE,WORKSTORE_CODE,CREATE_USER,CREATE_DATE,UPDATE_USER,UPDATE_DATE,VERSION) values (1000109,32026,'25',8,'QMH','WKS1','pmsadmin',sysdate,'pmsadmin',sysdate,1);

--//@UNDO
delete from HOSPITAL_PROP where PROP_ID in (14015,14027);
delete from WORKSTORE_PROP where PROP_ID in (32025,32026);
delete from PROP where ID in (14015,14027,32025,32026);